id,target
0,0.95924866
2,0.9215017
3,0.20123523
9,0.9095137
11,0.9910581
12,0.6594945
21,0.017336756
22,0.054918796
27,0.031200081
29,0.2224975
30,0.34882885
35,0.17111793
42,0.033308685
43,0.19357705
45,0.04185605
46,0.98192763
47,0.14582321
51,0.7842691
58,0.18334565
60,0.025255531
69,0.9696255
70,0.55243987
72,4.273342e-06
75,0.99991846
84,0.5230631
87,0.23729011
88,0.19434837
90,0.057603806
94,0.07623258
99,0.08821797
101,0.004437268
103,0.14494777
106,0.44622925
108,0.35243407
111,0.9617408
115,0.0019364655
116,0.81017137
122,0.664582
123,0.2752322
124,0.9874377
125,0.080242574
127,0.9957327
140,0.65975326
142,0.70715845
147,0.0052472353
148,0.29029572
150,4.066865e-05
152,0.005173087
154,0.28117436
155,0.005173087
166,0.01932025
167,0.2523331
169,0.98748356
177,0.005173087
179,0.14693066
181,0.47962707
186,0.12991595
188,0.17196584
189,0.000528723
192,0.14693066
200,0.9258954
202,0.8737297
206,0.73565984
207,0.8352611
214,0.9999454
217,0.9926212
223,0.9984122
224,0.9926212
227,0.97349274
228,0.99917996
230,0.43387192
233,0.09199464
234,0.9622935
236,0.99998474
239,0.9622935
250,0.99924636
255,0.3252257
257,0.00027289987
259,0.77488667
275,0.995736
278,0.27962524
282,0.036128134
284,0.17153323
286,0.74776244
288,0.99924636
292,0.9141958
295,6.1784776e-05
300,0.013746262
304,0.99317575
305,0.99317575
306,0.20706856
308,0.0016617179
311,0.0069097877
317,0.6949751
319,0.05863923
323,0.0043751597
324,0.0043962
325,0.0100672245
326,0.37307692
333,0.10691568
339,0.12831166
342,0.22226754
343,0.10038096
350,0.0791727
351,0.004087299
357,0.22632703
359,0.7086439
362,0.11377439
366,0.83394074
367,0.7086439
369,0.7086439
373,0.4368141
374,0.3061658
376,0.04263556
377,0.7086439
378,0.7086439
379,0.015056044
382,0.7086439
385,0.7086439
387,0.78955185
388,0.7086439
391,0.7086439
392,0.7086439
395,0.7086439
399,0.39397305
400,0.11818358
403,4.6662066e-05
405,0.0012608767
408,0.034332007
411,0.1516875
414,0.00040709972
416,0.018559247
417,0.018261254
422,0.28188324
425,0.015664488
428,0.012313485
430,0.22349384
431,0.0016291142
433,0.035031855
434,4.6662157e-05
439,0.64758396
441,4.6662157e-05
449,0.07143134
458,0.059638053
460,0.05218014
464,0.30955437
473,0.98415416
488,0.00090163946
491,0.25046244
494,0.20336452
497,0.015409142
500,0.0005336702
505,0.11852577
507,0.019940913
508,0.03898999
510,0.007045269
511,0.03898999
515,0.5734134
525,0.004527658
529,0.11852577
532,0.11852577
534,0.11852577
537,0.8405976
539,0.27950317
541,0.11852577
545,0.007045269
547,0.25563785
548,0.9998611
549,0.99676484
553,0.9486108
554,0.42401373
555,0.08727765
557,0.091712564
562,0.0042752028
566,0.9871375
572,0.5960592
573,0.96613073
582,0.9816307
586,0.9985523
587,0.14345902
590,0.9998611
591,0.21378845
593,8.664824e-05
595,0.091712564
596,0.999119
597,0.062143296
601,0.036623925
602,0.90884244
605,0.8126428
610,0.9346615
616,0.0230771
618,0.96609664
620,0.9296812
626,0.15564534
627,0.082737
629,0.026102692
632,0.96894467
634,0.0032204986
639,0.8962313
645,0.9998611
647,0.9894304
648,0.072702914
650,0.7608527
663,0.21682057
666,0.7180903
668,0.077088416
670,0.2532182
673,0.78228885
676,0.02572164
678,0.03113529
692,0.9369503
693,0.222193
694,0.0011785626
695,0.0018119514
696,0.9999998
698,0.90582013
701,0.27280432
703,0.9899781
707,0.9899781
708,0.9887818
711,0.9899781
715,0.9899781
718,0.007698685
722,0.0029025078
723,0.03038609
733,0.9899781
741,0.043336093
742,0.9899781
743,0.048956662
747,0.044454575
749,0.31836963
750,0.035861462
756,0.002972126
757,0.046831787
760,0.28705204
764,0.0018581152
765,0.9649583
766,0.011995703
768,0.008000642
769,0.27105412
771,0.0029639602
772,0.030737549
776,9.4243784e-05
778,0.011275917
780,0.020103425
785,0.39752752
789,0.39011824
792,0.023776531
793,0.62352335
811,0.9907067
813,0.18962628
816,0.036810458
821,0.06567818
824,0.80631053
825,0.04662177
827,0.55884683
830,0.70165133
831,0.767007
839,0.767007
844,0.58628565
847,0.9732331
850,0.9679184
854,0.70165133
855,0.9939314
858,0.25196347
861,0.8645004
862,0.45230323
865,0.9731803
869,0.99544907
879,0.5996595
880,0.48910356
887,0.8166219
889,0.6257151
897,0.009707004
900,0.93295527
901,0.30064583
904,0.35921144
908,0.033338726
909,0.051255137
910,0.6257151
913,0.6532563
914,0.9245117
917,0.5657744
918,0.6257151
920,0.3923639
922,0.5136272
924,0.51362723
925,0.4220097
927,0.8272395
933,0.09233701
937,0.04754588
943,0.05089587
949,0.20171577
950,0.99984705
954,0.059274226
966,0.31548712
967,0.07698256
969,0.36952657
970,0.99989843
973,0.27572978
975,0.9761562
980,0.40683976
988,0.00048282743
989,0.008807033
995,0.002701521
1000,0.040723115
1003,0.051137537
1007,0.4432292
1011,0.0038437545
1012,0.8653989
1013,0.9387132
1014,0.22991267
1016,0.99933946
1019,0.16570696
1025,0.24123943
1027,0.0038437545
1028,0.9714457
1030,0.6101067
1033,0.7262579
1034,0.060184628
1039,0.0027939975
1046,0.019888848
1047,0.08078992
1053,0.008360058
1055,0.2473546
1056,0.010401696
1059,0.4861518
1060,0.0008522868
1063,0.10202336
1064,0.25419593
1068,0.18058366
1076,0.034988254
1086,0.11890891
1087,0.10866368
1089,0.29840723
1092,0.08021864
1095,0.014152348
1096,0.2117194
1097,0.13590541
1100,0.037284166
1101,0.19980603
1107,0.0061481297
1108,0.013671726
1111,0.17657852
1115,0.3798616
1116,0.14405084
1121,0.5738244
1125,0.52302045
1127,0.016137928
1131,0.6548965
1133,0.9872103
1135,0.31291473
1137,0.01603347
1140,0.0039073527
1144,0.049915135
1147,0.9793531
1148,0.96238345
1150,0.1341936
1158,0.10624412
1159,0.052968025
1161,0.07505983
1163,0.0019412935
1165,7.500882e-05
1169,0.022884458
1171,0.7917497
1172,0.024976194
1176,0.27422622
1180,0.034930825
1184,0.2730288
1186,0.4121316
1187,0.047849208
1192,0.0014578104
1193,0.55050135
1194,0.9191631
1197,0.007024169
1200,0.0075458586
1205,0.015652955
1210,0.47106406
1216,0.014213145
1220,0.2535243
1231,0.001319915
1233,0.902957
1246,0.40080547
1247,0.06829485
1248,0.0276331
1255,0.021437705
1256,0.20760003
1257,0.1572201
1258,0.5387639
1260,0.630426
1261,0.018875152
1265,0.033712506
1266,0.011743456
1268,0.6065124
1274,6.2457448e-06
1281,0.75550014
1285,0.17534843
1286,0.049830824
1291,0.052865863
1292,0.0017717779
1295,0.1140182
1299,0.01823923
1306,0.019565523
1310,0.30417484
1311,0.0032390952
1313,0.1617578
1314,0.2995842
1322,0.11051494
1323,0.1416317
1325,0.0013620555
1329,0.024359047
1330,0.0023191571
1333,0.006572157
1336,0.13244122
1339,0.00681594
1342,0.0041769743
1344,0.5989871
1355,1.0
1357,0.18170837
1358,0.40166795
1359,0.44688419
1364,0.0015203953
1366,0.17055851
1367,0.0016120076
1370,0.99210274
1373,0.36473173
1377,0.00014105439
1386,1.5365571e-06
1387,0.0008202195
1392,0.0035536885
1397,0.00043919683
1398,0.0069411397
1400,0.00306198
1403,0.004675865
1404,6.4352214e-05
1410,0.0034448206
1413,0.0069411397
1416,0.2863422
1417,0.043402076
1423,0.00025641918
1424,0.2863422
1426,0.1260787
1427,0.027982235
1428,0.005881965
1430,0.052700877
1434,1.5317706e-05
1435,0.33955294
1437,0.100243
1438,0.26346737
1442,0.026082188
1446,0.0012074709
1451,0.3279812
1457,0.032309264
1461,0.12760466
1462,0.5807291
1465,0.1688303
1468,0.018936217
1469,0.20102933
1471,0.7431523
1476,0.07773346
1478,0.011665583
1481,0.0016257167
1489,0.5626649
1490,0.18048814
1492,0.85704935
1496,0.00013652444
1512,0.28691036
1516,0.26381385
1517,0.0001514852
1528,3.093133e-06
1529,0.028238446
1536,0.78785133
1539,0.009036988
1541,0.39508823
1542,0.27108
1548,0.987208
1550,0.9800372
1551,0.060156435
1552,0.7880416
1557,0.9971598
1563,0.077554524
1564,0.016480029
1565,0.9692167
1566,0.6570914
1571,0.4005039
1578,0.5774624
1581,0.02015531
1583,0.83291245
1584,0.08613911
1586,0.9979801
1589,0.7405808
1592,0.95470834
1598,0.99962384
1606,0.00014662743
1612,0.011959881
1616,0.03562665
1620,0.13728756
1624,0.07122937
1629,0.829546
1630,0.99011594
1635,0.99894994
1640,0.9969872
1641,0.9996739
1642,0.77817047
1651,0.9758981
1655,0.99889696
1656,0.9999236
1659,0.9782821
1664,0.9947061
1667,0.9981364
1668,0.9999767
1674,0.8455804
1678,0.45858812
1680,0.8983999
1681,0.951875
1682,0.38868517
1685,0.5213829
1695,0.9715669
1696,0.12892488
1697,0.26515254
1704,0.02066201
1708,0.044784784
1711,0.9970194
1713,0.6825702
1714,0.0013469458
1717,0.9780855
1729,0.93731976
1730,0.037266254
1732,0.3683542
1734,0.5639155
1736,0.99047667
1738,0.83948445
1742,0.08246794
1743,0.91735363
1746,0.99504566
1748,0.90425485
1749,0.12873659
1751,0.97617143
1758,0.08349368
1764,0.9999753
1765,0.074757695
1777,0.078481495
1778,0.08428159
1781,0.5847118
1782,0.49219382
1783,0.0017363429
1785,0.26620972
1788,0.9848002
1793,0.43417466
1794,0.00315848
1795,0.9972832
1797,0.64825696
1800,0.19202176
1801,0.3840396
1805,0.95092
1806,0.9848002
1819,0.08933136
1820,0.16519979
1825,0.119773746
1828,0.08473337
1829,0.59547865
1830,0.0876483
1839,0.059159994
1843,0.48535812
1844,0.2014299
1846,0.2507087
1849,0.04932198
1850,0.05551809
1854,0.0412122
1855,0.00091549754
1858,0.17379376
1859,0.4344733
1862,0.0042887926
1867,0.79166806
1868,0.23528877
1871,0.85581124
1872,0.15555409
1874,0.5785009
1876,0.030911297
1879,0.10896036
1884,0.0015054345
1891,0.8337475
1894,0.011000127
1896,0.5313127
1902,0.06876293
1903,0.0032382011
1904,0.7691878
1906,0.5312854
1907,0.46177703
1912,0.03343138
1913,0.7308657
1923,0.9614601
1926,0.69964296
1928,0.7459415
1930,0.22342914
1931,0.6565903
1934,0.90826017
1936,0.99880064
1944,0.99131465
1946,0.0048322976
1947,0.074757695
1958,0.88319474
1964,0.87202203
1970,0.9139892
1974,0.99646467
1977,0.9985642
1978,0.3295225
1982,0.99852914
1984,0.9994591
1988,0.911034
1993,0.66250366
1997,0.5378149
1998,0.99852914
2002,0.27735335
2004,0.9785109
2005,0.9795113
2008,0.11664817
2011,0.5787418
2013,0.031775147
2018,0.9993263
2021,0.79888713
2025,0.75003135
2029,0.9734218
2030,0.5787418
2032,0.055113435
2037,0.5140663
2041,0.07907274
2044,0.4247611
2048,0.9993263
2052,0.997035
2053,0.9981868
2054,0.9995142
2062,0.19357705
2065,0.83058304
2066,0.15514353
2072,0.9977875
2079,0.7917792
2080,0.10097703
2085,0.08524552
2088,0.6922842
2090,0.28430822
2092,0.098918825
2093,0.80688673
2101,0.008389503
2104,0.14528239
2105,0.02708131
2106,0.12784085
2107,0.074659824
2120,0.6698207
2124,0.47866157
2127,0.20999163
2130,0.62955785
2132,0.22631449
2135,0.6841301
2137,0.97658217
2140,0.5926066
2143,0.7580731
2147,0.007664889
2151,0.13960797
2152,0.987176
2155,0.028738707
2156,0.5213482
2162,0.8882218
2165,0.35535187
2166,0.9747717
2167,0.56272244
2168,0.0404678
2170,0.7877727
2178,0.9976726
2180,0.9863323
2182,0.12096405
2184,0.9481126
2185,0.07995951
2187,0.21315235
2196,0.16900924
2197,0.69202554
2199,0.37615305
2200,0.016049713
2201,0.5563999
2202,0.8295822
2206,0.3982033
2208,0.0610303
2218,0.070788085
2223,0.9877653
2224,0.81576955
2226,0.21985856
2228,0.09598401
2232,0.9481932
2234,0.92695934
2243,0.9841012
2247,0.76361346
2249,0.09598401
2252,0.9976217
2253,0.99719316
2259,0.0009022951
2261,0.18782136
2264,0.35854146
2268,0.11239493
2269,0.11239493
2270,0.02547872
2276,0.9981843
2283,0.01771298
2287,0.40935174
2290,0.00032892823
2291,0.021511227
2293,0.103899
2295,0.37076563
2302,0.32820383
2305,0.055748194
2310,0.26984042
2313,0.62248385
2316,0.62248385
2320,0.00478369
2322,0.055748194
2323,0.8748614
2326,0.59207433
2328,0.10463384
2331,0.5496195
2335,0.9926561
2338,0.05772692
2343,0.63074005
2344,0.023779362
2345,0.71780205
2353,0.59449726
2355,0.5455996
2357,0.8208612
2360,0.95847845
2365,0.23063773
2369,0.040168792
2371,0.10093123
2378,0.23644707
2380,0.89648926
2381,0.003564775
2383,0.9996785
2384,0.022942245
2392,0.2475658
2393,0.12421182
2401,0.021986246
2403,0.00042918324
2404,0.020120919
2405,0.068892956
2407,0.8816283
2411,0.041422457
2424,0.006324619
2426,0.008148968
2431,0.008870482
2433,0.0072329342
2434,0.00029063225
2436,0.20969507
2439,0.34229618
2444,0.00093469024
2447,0.009377986
2448,0.002932489
2449,0.002485007
2450,0.4314794
2461,0.5402948
2469,0.7452886
2472,0.26441512
2473,0.3371792
2474,0.26792908
2477,0.22037575
2481,0.9998728
2484,0.000649631
2495,0.02652812
2503,0.09139562
2509,0.8147093
2511,0.9228456
2518,0.9793433
2522,0.99991715
2525,0.67205316
2526,0.4250439
2529,0.5401694
2533,0.14065143
2549,0.07142234
2551,0.034836024
2558,0.6658125
2562,0.9220426
2563,0.025345206
2567,0.57553977
2574,0.98986185
2577,0.38004172
2578,0.15671775
2580,0.91446596
2581,0.042658657
2583,0.9892875
2584,0.48352686
2586,0.999596
2589,0.42662877
2595,0.4045618
2596,0.017517835
2600,0.98847735
2601,0.7859101
2607,0.0012325346
2610,0.6637496
2613,0.026373357
2615,0.4342947
2618,0.30537456
2620,0.07340431
2623,0.9999895
2626,0.27491036
2630,0.8662475
2634,0.9999961
2636,0.99043643
2638,0.01558432
2639,0.76522666
2646,0.9946884
2650,0.9999995
2652,0.6827524
2653,0.07364389
2654,0.3877104
2662,0.12989232
2665,0.0055229664
2669,0.036267847
2674,0.0027928948
2678,0.1290138
2681,0.02056691
2685,0.00032830238
2686,0.0025291145
2690,0.190613
2697,0.07542151
2699,0.01434055
2704,0.023281485
2705,0.9709756
2710,0.0005429089
2712,0.0004092157
2713,0.050711364
2716,0.97460973
2717,0.059487045
2718,0.15720153
2721,0.091629386
2722,0.4302038
2735,0.035413474
2737,0.022243887
2738,0.0076063573
2742,0.006649971
2745,0.52932966
2746,0.06931636
2747,0.046705425
2750,0.030771375
2751,0.0018180907
2754,0.027119517
2762,0.21373
2764,0.0007159412
2772,0.00023141503
2775,0.37193406
2776,0.07027745
2779,0.069351375
2781,0.00011991967
2789,0.27435264
2790,0.06672987
2791,0.24015561
2798,0.08104506
2800,0.2242645
2804,0.8550513
2805,0.074591935
2806,0.094450206
2809,0.11928466
2810,0.8660691
2812,0.1283499
2814,0.9999018
2816,0.32596293
2818,0.1283499
2823,0.13504475
2824,0.9353078
2834,0.9964655
2837,0.21512574
2840,0.9641912
2845,0.9970443
2847,0.9217924
2848,0.59272945
2850,0.31434703
2859,0.83246446
2862,0.27965385
2868,0.62160885
2874,0.9795859
2876,0.47645342
2892,0.30948037
2894,0.94470257
2897,0.24086425
2901,0.2255679
2903,0.22164103
2904,0.05416134
2906,0.29237324
2914,0.41598928
2918,0.02118051
2919,0.037042856
2923,0.10242155
2926,0.29318509
2928,0.051553965
2930,0.02297604
2938,0.6065269
2940,0.8103839
2949,0.2523207
2951,0.12848496
2958,0.15850672
2961,0.00017565489
2962,0.26145336
2964,0.16163364
2966,0.13530701
2967,0.072684556
2968,0.15332147
2972,0.04638228
2977,0.0044044554
2978,0.17504555
2979,0.029863387
2981,0.005806923
2985,0.99882853
2986,0.0007288754
2989,0.9845676
2994,0.0028955936
2996,0.99431705
2997,0.024717808
2999,0.030480653
3002,0.65463454
3007,0.86762583
3008,0.6836945
3017,0.97425306
3020,0.10629246
3024,0.068675935
3028,0.09788218
3031,0.11010349
3032,0.6417303
3033,0.039289057
3035,0.17232135
3040,0.9314384
3041,0.08596724
3046,0.016804576
3050,0.9940295
3063,0.6359562
3065,0.029262185
3067,0.6359562
3069,0.52855605
3076,0.84859383
3078,0.3390597
3081,0.6164601
3087,0.5533519
3088,0.84089506
3094,0.12982327
3096,0.96940905
3098,0.44055256
3103,0.5286678
3110,0.9375201
3113,0.95416737
3121,0.9973822
3127,0.9999887
3128,0.30169964
3129,0.97335243
3135,0.99171937
3143,0.95031637
3146,0.13169125
3148,0.9548167
3149,0.4787944
3151,0.9975703
3156,0.115251034
3160,9.858888e-05
3164,0.005760014
3169,0.033002973
3178,0.40839118
3187,0.016280562
3194,0.25429374
3202,0.09362295
3203,0.008820146
3204,0.3493939
3206,0.9999953
3207,0.008706361
3208,0.0013725162
3209,0.28937167
3213,0.023796111
3214,0.8583251
3215,0.0064339936
3220,0.004959762
3223,0.008820146
3224,0.00827387
3226,0.011443168
3228,0.052053034
3230,0.09303981
3232,0.1894292
3233,0.0068861246
3234,0.27614665
3238,0.048803
3246,0.5392881
3247,0.99934614
3250,0.99743426
3251,0.9936226
3254,0.008049428
3257,0.52956474
3258,0.007944524
3261,0.450826
3267,0.7535324
3268,4.9676913e-05
3269,0.3464361
3271,0.093629986
3272,0.18607226
3273,0.12093744
3279,0.0007390678
3290,0.034869432
3291,0.90806824
3293,0.015084714
3294,0.46186528
3298,0.075446576
3305,0.85972893
3306,0.5130516
3307,0.21053153
3310,0.10603279
3313,0.5204109
3314,0.10603279
3315,0.059259176
3316,0.0005220771
3321,0.9998092
3325,0.09700289
3326,0.49661198
3327,0.16915679
3330,0.99545556
3331,0.26365513
3332,0.49661198
3333,0.9390993
3343,0.5088561
3344,0.23240048
3348,0.13037542
3349,0.10603279
3350,0.14267707
3352,0.00084012747
3353,0.025932461
3354,0.24498907
3358,0.74013215
3360,0.6865246
3366,0.00089892745
3371,0.7804751
3374,0.17293227
3375,0.00017356873
3378,0.8689029
3382,0.3259938
3384,0.4460674
3385,0.22147661
3386,0.11901611
3392,0.48721993
3399,0.37194467
3407,0.13681185
3409,0.13681185
3416,0.6091683
3420,0.0026230216
3422,0.99999857
3424,0.13681185
3426,0.9999965
3427,0.0784601
3434,0.05920136
3438,0.13681185
3441,0.4004588
3442,0.39622426
3443,0.041460514
3444,0.7429342
3449,0.0784601
3453,0.98943293
3454,0.047258317
3456,0.9894945
3457,0.39325818
3458,0.9704789
3461,0.95838594
3467,0.0010527074
3479,0.9484079
3488,0.98368686
3491,0.6593681
3496,0.99994427
3502,0.5880505
3507,0.89794934
3511,0.4055574
3515,0.99950397
3516,0.9977224
3538,0.7158574
3539,0.99782777
3541,0.82719624
3545,0.9294696
3546,0.99950397
3547,0.9009553
3551,0.9883367
3553,0.99473
3556,0.6289641
3558,0.000736922
3559,0.46793956
3561,0.0039628446
3562,0.32932687
3563,0.0011689961
3564,0.18969488
3571,0.03691706
3574,0.07160866
3576,0.040440023
3577,0.0070774257
3579,0.022736847
3580,0.36294216
3586,0.13011092
3590,0.04840803
3599,0.60440624
3600,0.052322805
3601,0.15355888
3605,0.31825858
3606,0.0066162944
3612,0.0004556179
3614,0.04066506
3615,0.30385143
3616,0.44147605
3620,0.97636795
3622,0.17355824
3624,0.015652567
3630,0.03792563
3644,0.011483699
3649,0.0028672218
3651,0.1231488
3654,0.006542474
3665,0.00011224895
3668,0.13714433
3671,0.076251864
3672,5.2341907e-06
3673,0.002291292
3677,0.037344337
3678,0.03555727
3687,0.44639018
3688,0.059248775
3693,0.01322341
3698,0.15361023
3699,0.5022965
3701,0.99988055
3703,0.055974156
3706,0.02984956
3707,0.2189816
3709,0.9902466
3711,0.19227976
3714,0.44637063
3716,0.055974156
3720,0.9807286
3728,0.9976703
3731,0.054522187
3732,0.73833704
3733,0.6970923
3734,0.37024772
3740,0.21353012
3746,0.026379138
3749,0.3833606
3751,0.9374873
3755,0.08634433
3757,0.7227094
3762,0.997033
3767,0.0036331415
3769,0.07595348
3779,0.09544206
3781,0.01049903
3782,0.15911561
3783,0.99304074
3784,0.69548786
3790,0.9564876
3791,0.997033
3792,0.9320905
3794,0.2838809
3799,0.13694662
3801,0.031644613
3804,0.03924513
3808,0.78869367
3809,0.011165142
3811,0.046738833
3813,0.11472574
3817,0.10054383
3818,0.17694935
3823,0.002268821
3843,0.036137313
3844,0.031644613
3846,0.00023439527
3847,0.08024904
3852,0.010092437
3854,0.08260846
3856,0.06520054
3863,0.48378488
3865,0.51556146
3867,0.44658643
3871,0.08260846
3872,0.08260846
3878,0.08260846
3880,0.6835222
3881,0.44658643
3882,0.6065914
3883,0.16420197
3884,0.690545
3885,0.25048402
3886,0.18253967
3890,0.2805488
3891,0.7545052
3898,0.9770129
3902,0.4773864
3909,0.5738349
3910,0.6584367
3912,0.034175813
3915,0.9999696
3918,0.058520943
3920,0.9999696
3925,0.0016931295
3928,0.21069542
3929,0.021666437
3930,0.9999696
3931,0.2580334
3934,0.36482316
3939,0.061436534
3941,0.035095662
3942,0.96852565
3943,0.21057981
3946,0.25179887
3963,0.71263283
3965,0.012260944
3966,0.85951304
3971,0.95521915
3972,0.9927259
3974,0.71084917
3976,0.9859312
3978,0.11185974
3981,0.9736669
3985,0.10771361
3986,0.0027818978
3987,0.9937602
3988,0.99880826
3991,0.9991659
3999,0.7865813
4001,0.09908295
4002,0.99905145
4004,0.787768
4007,0.7748507
4009,0.1694893
4013,0.45304245
4015,0.016988635
4016,0.55948603
4023,0.061041832
4031,0.8081223
4035,0.9988231
4036,0.45304245
4037,0.7349228
4040,0.9955938
4048,0.5330689
4053,0.78373456
4056,0.78373456
4059,0.77949655
4066,0.9995372
4067,0.42495906
4069,0.21089455
4070,0.21182978
4071,0.90663266
4073,0.99851966
4074,0.47451958
4075,0.07704899
4082,0.78373456
4090,0.0027763546
4099,0.9901352
4102,0.61234254
4106,0.019724756
4109,0.9995625
4110,0.16104817
4115,0.6646362
4118,0.88865817
4120,0.9765756
4125,0.6646362
4126,0.982545
4130,0.9999071
4134,0.89162904
4136,0.027909577
4137,0.65113395
4144,0.14903945
4148,9.478161e-07
4151,0.19364187
4155,0.25474077
4162,0.009089142
4165,0.24555892
4169,0.023807079
4174,0.003583014
4179,0.03632179
4185,0.08318043
4186,0.02202326
4187,0.16038707
4188,0.0055196583
4190,0.115673214
4192,0.9847671
4193,0.2810316
4194,0.17957118
4195,0.00093987584
4196,0.03678745
4207,0.99801207
4208,0.6725439
4215,0.99801207
4217,0.9976965
4222,0.059292257
4223,0.9998903
4226,0.47056124
4228,0.35755214
4229,0.00021785498
4231,0.9998937
4234,0.015758693
4236,0.5610321
4249,0.015450686
4254,0.4194542
4258,0.19930258
4259,0.19507545
4263,0.03694722
4267,0.12564686
4277,0.1070331
4278,0.008010626
4280,0.008010626
4283,0.022738397
4285,0.8979268
4286,0.8979268
4287,0.008010626
4290,0.9449227
4291,0.058330208
4294,0.83183223
4302,0.7513962
4308,0.9547778
4310,0.10124293
4311,0.8134876
4315,0.8914963
4316,0.19698259
4319,0.06614286
4331,0.524781
4338,0.93388027
4339,0.8965061
4340,0.76763844
4344,0.05276516
4346,0.91485685
4347,0.783501
4360,0.9883037
4364,0.99360037
4367,0.57191557
4369,0.9898498
4370,0.62997687
4371,0.10772872
4380,0.88090706
4386,0.61219925
4389,0.9986228
4390,0.9921111
4394,0.68608344
4399,0.27361712
4400,0.06893948
4404,0.04467106
4409,0.0011255145
4414,0.0013374984
4417,0.18014339
4418,0.017777383
4419,0.2424246
4420,0.006097913
4422,0.017698497
4429,0.9194565
4431,0.02199173
4433,0.0057480633
4434,0.9693496
4439,0.6182627
4443,0.07940024
4446,0.585339
4447,0.0013374984
4453,0.001964599
4460,0.38124293
4461,0.91023254
4462,0.18192756
4467,0.0070201755
4469,0.9987359
4473,0.021558046
4474,0.41078326
4475,0.002446264
4477,0.38124293
4481,0.0104029775
4483,0.058468312
4484,0.56108284
4485,0.9903867
4495,0.056205273
4497,0.41834652
4500,0.008123577
4501,0.7633251
4502,0.00021365285
4505,0.24102154
4506,0.047342837
4510,0.00021365285
4512,0.5959573
4513,0.2976345
4532,0.58707875
4535,0.014377326
4536,0.9266114
4540,0.018586457
4545,0.97874
4552,0.8217158
4554,0.5078869
4555,0.8580452
4558,0.9906248
4559,0.981706
4560,0.0005501509
4566,0.68412113
4570,0.6832984
4572,3.1263187e-06
4574,0.0005196929
4581,0.5078869
4583,0.9882847
4586,0.89585465
4591,0.8963944
4594,0.12869436
4603,0.57743484
4605,0.0011842251
4612,0.8384628
4613,0.6995636
4615,0.630765
4618,0.01752761
4621,0.30949965
4623,0.7445382
4626,0.15229133
4629,0.49978495
4633,0.55795664
4636,0.16283628
4638,0.03876105
4640,0.0055254996
4643,0.06515017
4645,0.020442396
4647,0.68329084
4648,0.34480637
4651,0.16374198
4652,0.34543782
4653,0.35128006
4654,0.9936501
4660,0.0776332
4662,0.0776332
4663,0.110952616
4665,0.48690185
4668,0.013019741
4676,0.043342084
4683,0.99949205
4685,0.987707
4686,0.16374198
4701,0.4821137
4718,0.30890363
4721,0.00014102459
4727,0.056480587
4728,0.9998929
4733,0.69232297
4741,0.030249417
4743,0.97397345
4746,0.17228913
4751,0.057789654
4756,0.15928012
4761,0.47598818
4763,0.256602
4764,0.9999654
4767,0.8094991
4772,0.84658045
4776,0.9998682
4780,0.99798095
4781,0.95861816
4792,0.9844086
4796,0.5578154
4801,0.99967515
4804,0.008347452
4805,0.98765624
4806,0.9999979
4811,0.281961
4815,0.3323683
4816,0.02737549
4817,0.89621145
4818,0.27032006
4822,0.06971264
4824,0.9869555
4827,0.8952159
4837,0.055852234
4838,0.99999964
4839,0.9994947
4841,0.9754752
4851,0.9729321
4855,0.9994726
4861,0.024368882
4862,0.17432019
4863,0.0058786273
4865,0.020855218
4871,0.017539114
4873,0.11550483
4880,0.093289405
4885,0.011059254
4886,0.060845226
4902,0.12982517
4904,0.010440975
4907,0.023615956
4916,0.09945387
4921,0.76062906
4925,0.50686103
4927,3.5228707e-06
4928,0.089693666
4930,0.012999684
4932,0.8281061
4933,0.021884084
4937,0.50673443
4939,0.99977183
4941,0.06200564
4942,0.0033923388
4947,0.16139412
4949,0.012999684
4950,0.010262698
4956,0.395617
4960,0.5652796
4963,0.6148825
4965,0.95089316
4976,0.0024846494
4977,0.0024846494
4987,0.29846656
4991,0.9589997
4994,0.0006092489
4999,0.044995546
5003,0.95894766
5006,0.0017639697
5009,0.31594697
5011,0.0439173
5012,0.42073038
5014,0.006072402
5020,0.013493359
5021,0.40647975
5023,0.34402108
5026,0.0025613308
5030,0.0011576116
5031,0.9977348
5036,0.98966205
5042,0.72943556
5045,0.9601536
5048,0.9601536
5051,0.5107286
5053,0.002067387
5054,0.18595302
5057,0.0068636537
5058,0.3980705
5066,0.9913955
5070,0.8883126
5077,0.53525066
5081,0.99941003
5084,0.3920006
5086,0.86305076
5090,0.99910635
5091,0.13932022
5093,0.016825795
5100,0.9999671
5108,0.98998046
5111,0.80756414
5112,0.99978423
5118,0.85418487
5121,0.9936874
5123,0.9936874
5129,0.9935658
5133,0.64353555
5143,0.011414319
5147,0.72171783
5151,0.9521843
5156,0.93133056
5158,0.9936874
5161,0.33201647
5163,0.97247046
5167,0.96628857
5173,0.80288815
5205,0.07042354
5214,0.3701542
5215,0.24186793
5216,0.0050436854
5217,0.91609335
5225,0.24186793
5237,0.05416116
5239,0.31796557
5240,0.5771443
5241,0.24186793
5246,0.024982333
5250,0.959978
5253,0.24186793
5258,0.055114508
5261,0.048505872
5268,0.24898404
5275,0.0080396235
5277,0.00016996264
5279,0.98834217
5288,0.0030935109
5289,0.025146455
5294,0.99952376
5303,0.1186738
5307,0.12910298
5311,0.10771257
5312,0.35593837
5314,0.1481489
5318,0.06603837
5327,0.014783859
5329,0.18481687
5333,0.07135248
5334,0.26414353
5340,0.013797373
5348,0.023552418
5358,0.107608825
5360,0.028728753
5361,0.97773004
5363,0.9566921
5364,0.05185023
5369,0.99391544
5370,0.00025841594
5374,0.9566921
5376,0.9974153
5388,0.080052555
5390,0.35224846
5393,0.97427964
5394,0.07462141
5395,0.54463154
5398,0.6809815
5399,0.6741175
5401,0.48883036
5402,0.9899156
5405,0.19699803
5414,0.7676612
5415,0.98610795
5419,0.8906927
5421,0.6438234
5422,0.61054134
5424,0.572601
5427,0.9760998
5429,0.30872855
5431,0.8538421
5433,0.7987524
5434,0.99465436
5435,0.02193603
5436,0.024777532
5438,0.93014306
5440,0.9190861
5441,0.9996141
5447,0.016232818
5451,0.9725046
5453,0.044761956
5456,0.069659024
5457,0.9991197
5463,0.31562585
5464,0.0013651848
5470,0.87712
5472,0.009382248
5474,0.9448352
5478,0.00058841705
5483,0.04330948
5490,0.27367532
5500,0.23471454
5504,0.30037922
5508,0.079051346
5511,0.06108123
5512,0.003293395
5513,0.10079464
5516,0.5883857
5523,0.0006659925
5527,9.131586e-06
5530,0.4067915
5533,0.5483541
5536,0.0011517704
5537,0.0034506023
5542,0.22379252
5543,0.02278623
5546,0.027900219
5549,0.05142498
5550,0.057623595
5551,0.16328582
5562,0.057874978
5566,0.07188672
5568,0.53814924
5571,0.9977905
5572,0.9983453
5574,0.38927755
5583,0.0028295517
5585,0.38927755
5591,0.5144987
5596,0.38927755
5597,0.0028295517
5601,0.9980813
5606,0.99164903
5607,0.0028295517
5610,0.057874978
5615,0.26738346
5616,0.9580544
5623,0.0048169494
5630,0.9908062
5636,0.8260772
5637,0.5135238
5639,0.8076811
5640,0.97235143
5643,0.9145906
5648,0.052342594
5649,0.74009466
5660,0.41506577
5666,0.02999127
5667,0.8357995
5678,0.101480424
5679,0.78169364
5681,0.9960093
5682,0.59693706
5691,0.99813867
5696,0.99965835
5697,0.9999687
5700,0.13980061
5701,0.014176518
5702,0.9452493
5708,0.9524801
5709,0.83257645
5718,0.9896205
5723,0.9040263
5725,0.9765895
5728,0.9886427
5731,0.9124557
5735,0.7066166
5737,0.72907287
5738,0.8463527
5742,0.75098884
5747,0.8831581
5749,0.35722983
5750,0.9886248
5755,0.43602133
5756,0.98449016
5761,0.99713767
5762,0.94635123
5767,0.8601647
5768,0.8831581
5770,0.081317276
5773,0.07492548
5774,0.020824969
5779,0.76250744
5782,0.99227405
5785,0.31299216
5786,0.07800606
5787,0.99967813
5788,0.19269559
5796,0.046468347
5802,0.026184738
5806,0.9999993
5809,0.79371697
5810,0.07964608
5811,0.9939139
5813,0.98922604
5820,0.11578286
5823,0.09933549
5830,0.8147801
5831,0.08602813
5838,0.57270646
5839,0.17503706
5844,0.8507843
5846,0.14071912
5851,0.3392275
5852,0.59949327
5857,0.07513341
5859,0.94236016
5860,0.98502463
5862,0.7917781
5865,0.85979676
5866,0.46061212
5871,0.9692453
5872,0.12780574
5877,0.9692453
5878,0.9237223
5879,0.88541293
5880,0.30235708
5895,0.0038376153
5897,0.034977257
5910,0.15729845
5914,0.44968453
5915,0.13618067
5917,0.36400253
5924,0.0030564368
5926,0.44968453
5931,0.7283206
5936,5.107597e-05
5940,0.23052493
5941,0.41742152
5945,0.01137051
5946,0.551986
5948,0.18764198
5951,0.012597561
5967,0.024932891
5968,0.15770426
5969,0.014250517
5970,0.06703535
5971,0.32597178
5973,0.7358403
5976,0.04725179
5977,0.0009827614
5984,0.9637139
5986,0.49567875
5993,0.20340747
5994,0.7508081
6005,0.84564114
6006,0.8108341
6008,0.96494573
6010,0.470188
6011,0.7896787
6014,0.98230326
6016,0.12876526
6018,0.00017911196
6021,0.9813957
6025,0.8797946
6028,0.46518803
6029,0.009491235
6035,0.39223203
6040,0.99724376
6042,0.14781183
6044,0.99998975
6046,0.5165222
6052,0.020914197
6054,0.010451734
6062,0.99571764
6063,0.5863635
6067,0.99965334
6068,0.54419756
6077,0.040398598
6079,0.012995571
6080,0.3810675
6081,0.99952173
6082,0.9991365
6089,0.035634458
6095,0.00029465556
6101,0.13767117
6107,0.0012148917
6114,0.007658541
6117,3.9987997e-05
6121,0.22749326
6122,0.23303771
6124,0.0786252
6129,0.018004566
6131,0.27847224
6136,0.9203539
6139,0.5713624
6142,0.7294178
6143,0.8207144
6144,0.3898502
6149,0.7294178
6155,0.73778504
6157,0.04836738
6158,0.028006732
6161,0.5430835
6168,0.14191708
6172,0.5430833
6176,0.5430833
6177,0.054228127
6179,0.031638116
6180,0.6499537
6182,0.49840418
6186,0.0813908
6189,0.0044550598
6190,0.02485153
6194,0.7300045
6204,0.06380832
6205,0.033385277
6209,0.0010841191
6210,0.0813908
6212,0.20792833
6214,0.9812104
6221,0.9355345
6225,0.9812104
6228,0.002056241
6229,0.0813908
6231,0.0017212629
6235,0.041785717
6236,0.10768077
6237,0.9847317
6238,0.52958536
6239,0.10768077
6242,0.10768077
6249,0.10768077
6250,0.10768077
6251,0.4210219
6252,0.9847317
6260,0.017491758
6264,0.7079812
6266,0.8268732
6270,0.97942126
6275,0.10768077
6279,0.97753644
6280,0.10768077
6284,0.10768077
6285,0.47173315
6286,6.9190326e-05
6287,0.9238254
6288,0.0077250004
6289,0.99758935
6290,0.02644208
6291,0.94573855
6295,0.9927959
6298,0.99573624
6307,0.9841039
6308,0.055256516
6309,0.7037013
6313,0.5319144
6316,0.37083057
6319,0.24455711
6321,0.056049526
6324,0.14240259
6327,0.19071859
6333,0.9991201
6351,0.99415445
6352,0.8190017
6353,0.05357313
6357,0.81900173
6359,0.9880519
6360,0.96742356
6364,0.9878134
6367,0.24145424
6368,0.99809635
6377,0.94042385
6378,0.94042385
6379,0.21767503
6381,0.9977265
6390,0.9565017
6401,0.095104724
6408,0.48078308
6409,0.12414849
6411,0.0055406988
6419,0.95507634
6424,0.9898026
6426,0.63544965
6428,0.09829873
6431,0.002521962
6432,0.8885336
6433,0.08461866
6435,0.99996805
6437,9.423381e-05
6439,0.9999294
6442,0.5018462
6444,0.99977237
6447,0.93751276
6456,0.38787085
6457,0.52534914
6460,0.1406337
6468,0.00042790174
6471,0.4572575
6475,0.5332085
6476,0.99999905
6479,0.99958396
6483,0.99343824
6487,0.998366
6488,0.45812416
6489,0.3998844
6496,0.012997448
6498,0.11938357
6502,0.14535055
6503,0.12885073
6507,0.73739946
6508,0.06931046
6509,0.97829884
6517,0.35606897
6521,0.0005208552
6522,0.10193786
6524,0.4079045
6526,0.0066816807
6531,0.99969697
6533,0.00082716346
6538,0.08529347
6539,0.5418552
6544,0.93549174
6557,0.41445628
6558,0.04997915
6562,0.010648727
6563,4.895401e-05
6564,0.05698499
6574,0.14458007
6578,0.0060549676
6581,0.994969
6584,0.21612725
6587,0.3114074
6589,0.0225268
6590,0.0029652119
6592,0.0057339966
6595,0.8114415
6599,0.9189737
6600,0.008738637
6606,0.06775826
6609,0.024429977
6612,0.26944366
6615,0.91469634
6618,0.002236247
6620,0.018378407
6623,0.78119135
6633,0.014479607
6639,1.0
6640,0.995885
6641,0.9608821
6645,0.009967089
6650,0.2200464
6651,0.073216885
6652,0.70883584
6657,0.8647561
6659,0.5678001
6666,0.86743253
6671,0.010535419
6673,0.84993124
6674,0.026679426
6677,0.5939636
6680,0.86753464
6684,0.0002951026
6685,0.44311368
6691,0.34184366
6692,0.038354814
6696,0.9998965
6698,0.039966285
6704,0.74014837
6705,0.423458
6710,0.2535072
6713,0.12573543
6715,0.011189967
6717,0.12871742
6718,0.122813255
6720,0.423458
6728,0.7782782
6732,0.026135623
6733,0.017061144
6739,1.3708872e-06
6740,0.9395354
6741,0.00057548285
6743,0.052839607
6747,0.423458
6750,0.41465113
6752,0.47099665
6753,0.25704998
6755,0.41465113
6761,0.14732155
6763,0.34961775
6768,0.05603373
6770,0.002182126
6771,0.98836464
6777,0.25704998
6778,0.2500403
6780,0.0026530921
6782,0.46257964
6786,0.41465113
6791,0.16371775
6797,0.87308145
6798,0.95475554
6803,0.0401271
6805,0.15189883
6812,0.15189883
6816,0.15189883
6818,0.15189883
6822,0.06075853
6825,0.15189883
6826,0.15189883
6827,0.15189883
6829,0.15189883
6831,0.3880922
6836,0.27195245
6838,0.051436663
6840,0.014426708
6842,0.99118423
6846,0.15189883
6851,0.96352553
6853,0.9868687
6856,0.09675056
6859,0.6019284
6865,0.9381275
6866,0.079800606
6868,0.99997663
6869,0.93053603
6871,0.99707854
6873,0.31890512
6886,0.3425734
6887,0.15954712
6888,0.30481094
6889,0.9999206
6891,0.40434796
6894,0.029516995
6895,0.4071725
6899,0.29666772
6901,0.80050075
6902,0.4926088
6904,0.95051354
6906,0.35237122
6922,0.9768423
6923,0.0045570135
6924,0.075131625
6927,0.25391763
6934,0.32153988
6938,0.24393132
6941,0.0203937
6942,0.06658372
6944,0.509814
6947,0.092846185
6952,0.98829305
6957,0.64873636
6958,0.97654223
6964,0.20560017
6968,0.028163731
6969,0.99857736
6976,0.023741245
6982,0.9570042
6986,0.8725475
6987,0.9997506
6989,0.69001424
6991,0.78488016
6993,0.1942184
6995,0.00992012
6997,0.47250617
7000,0.0017431676
7003,0.0040655434
7004,0.029986918
7007,0.9962169
7011,0.99947006
7014,0.9161936
7016,0.25172323
7017,0.09487721
7020,0.7408178
7022,0.00992012
7028,0.00992012
7033,0.1247423
7034,0.9996745
7035,0.057606667
7038,0.0040655434
7040,0.00992012
7041,0.0017431676
7042,0.004340589
7045,0.019281268
7049,0.076539904
7055,0.31696862
7057,0.46250302
7062,0.005538076
7064,0.95340616
7066,0.037276894
7067,0.111782044
7072,0.3259943
7079,0.15960729
7082,0.96211576
7083,0.01197651
7084,0.02108109
7085,0.27944836
7087,0.024294108
7090,0.9185163
7094,0.66035295
7096,0.19486254
7099,0.13965839
7100,0.75102043
7101,0.13136807
7102,0.850117
7103,0.1427975
7107,0.005560279
7110,0.1427975
7113,0.66877395
7117,0.052737206
7119,0.50091684
7123,0.08776206
7127,0.00064879656
7133,0.96131176
7139,0.69511455
7143,0.37567407
7145,0.04869607
7151,0.9887816
7152,0.25784975
7153,0.014840215
7156,0.36692083
7162,0.20304474
7170,0.56717765
7172,0.36564875
7177,0.28677857
7181,0.53759813
7182,0.06619406
7189,0.8115803
7190,0.80328155
7200,0.15671366
7207,0.99890375
7209,0.9995547
7212,0.9781484
7216,0.26030445
7217,0.7865813
7219,0.7413075
7220,0.19299844
7222,0.79603267
7225,0.8827392
7233,0.0024722815
7237,0.29593438
7238,0.8966276
7239,0.99998343
7240,0.8698867
7243,0.99583435
7245,0.817585
7246,0.9700665
7249,0.93701863
7257,0.9488249
7258,0.6379648
7259,0.9998873
7262,0.92517364
7263,0.9730753
7269,0.16622469
7271,0.9992119
7273,0.9730753
7276,0.99890554
7279,0.9254551
7282,0.79550785
7284,0.9623642
7293,0.8332836
7298,0.28855658
7303,0.8863768
7304,0.008456409
7305,0.046655387
7308,0.016657323
7313,0.04200411
7314,0.97504854
7321,0.83820707
7322,0.015037954
7327,0.13525254
7333,0.6771539
7336,0.6302442
7339,0.10976702
7341,0.90163255
7346,0.1640569
7347,0.43067944
7349,0.39349568
7351,0.109442204
7353,0.006776601
7363,0.97726583
7364,0.02012372
7368,0.57346505
7370,0.6618085
7375,0.009137988
7376,0.48494235
7379,0.33314848
7382,0.078688204
7384,0.15209985
7385,0.039479196
7387,0.009280682
7388,0.42308912
7389,0.23441303
7394,0.6306198
7396,0.40077835
7398,0.008297026
7399,0.0004413724
7401,0.033613265
7404,0.7783087
7406,0.56764835
7409,0.13548422
7411,0.023420364
7417,0.047686696
7420,0.3659021
7422,0.001342237
7423,0.095199406
7427,0.95991284
7429,0.1043098
7432,0.17718533
7435,0.98232013
7436,0.99240685
7440,0.9343832
7441,0.09803757
7445,0.0007761717
7448,4.6131345e-06
7449,0.46282557
7450,4.8154805e-05
7454,0.11531469
7455,0.6540488
7460,0.19194567
7462,0.60067147
7464,0.86621964
7466,0.026306748
7468,0.43203872
7469,0.102434576
7471,0.001034528
7472,0.8726264
7483,0.016154677
7484,0.016154677
7485,0.11205256
7486,0.0148589015
7487,0.0076835155
7489,0.9861587
7492,0.07816374
7495,0.9984801
7499,0.8524463
7500,0.9960108
7506,0.982839
7508,0.31143874
7509,0.07629627
7511,0.97040534
7516,0.99048126
7524,0.95431125
7538,0.9774477
7539,0.9696333
7541,0.97040534
7546,0.99724805
7549,0.98715293
7562,0.98715293
7564,0.98548424
7567,0.9975598
7572,0.98715293
7574,0.98715293
7575,0.98715293
7586,0.98715293
7592,0.9943972
7596,0.10186204
7597,0.061324805
7599,0.0004350245
7606,0.87972206
7615,0.217789
7618,0.6880896
7620,0.39535692
7624,0.10186204
7625,0.10186204
7629,0.12618989
7632,0.35845995
7636,0.9183775
7637,0.65141046
7646,0.084658355
7655,0.696694
7658,0.056889653
7660,0.63880605
7664,0.5885502
7665,0.0012080967
7666,0.061903596
7667,0.15612262
7673,0.14667857
7676,0.003703326
7682,0.037549645
7684,0.4326641
7690,0.0014518499
7697,0.0010177791
7700,0.66843104
7704,0.092039704
7705,0.008819193
7706,0.0017026961
7708,0.055028945
7709,0.010994285
7710,0.44324237
7713,0.0706172
7716,0.33083487
7726,0.024736732
7729,0.95284784
7730,0.036521465
7732,0.49225414
7734,0.191926
7740,0.055028945
7741,0.60786736
7745,0.9980939
7757,0.023495883
7762,0.8333119
7770,0.95489943
7776,0.90427214
7777,0.03246185
7778,0.99919903
7779,0.05959651
7782,0.23787794
7786,0.43028536
7791,0.73950565
7792,0.9864229
7794,0.8304182
7795,0.00215742
7796,0.93252414
7798,0.18780798
7805,0.15893868
7806,0.09919286
7808,0.09359425
7811,0.054050535
7814,0.19799405
7819,0.15893859
7820,0.016875297
7825,1.4609513e-05
7829,0.13628668
7834,0.015098989
7836,1.4609513e-05
7838,0.88219434
7841,0.21554947
7845,0.99974823
7846,0.0509378
7853,0.0509378
7856,0.29118425
7858,0.00022020936
7859,0.83840704
7866,0.016527861
7875,0.99989486
7879,5.9049416e-05
7884,0.026965171
7886,0.83840704
7890,0.18373963
7892,0.00022020936
7896,0.4044463
7899,0.9976096
7900,0.9994929
7901,0.15940347
7904,0.96894574
7911,0.9999974
7917,0.7360559
7919,0.81723905
7920,1.0
7921,0.9951029
7922,0.008087456
7925,1.0
7927,0.9269595
7928,0.9951029
7931,0.28290033
7942,0.13410911
7946,0.9951029
7947,0.36028978
7948,0.48051825
7951,0.44679305
7956,0.18053442
7961,0.9997293
7964,0.9998441
7966,0.9953252
7967,0.1920504
7974,0.9934306
7975,0.009270132
7979,0.9988048
7985,0.9994608
7986,0.99991846
7993,0.014764458
7995,0.9999721
7997,0.15413639
7998,0.9988048
8004,0.9988048
8007,0.9988048
8011,1.8583629e-05
8014,0.9938327
8022,0.0974524
8027,0.03792882
8033,0.654593
8041,0.09745243
8042,0.91339594
8046,0.72702706
8048,0.88240314
8050,0.9048611
8051,0.82173115
8052,0.5365942
8053,0.69296676
8054,0.6466788
8059,0.105091035
8063,0.98927677
8072,0.06777045
8075,0.066198885
8076,0.30997753
8077,0.99257493
8078,0.90260756
8080,0.9709636
8082,0.0132544935
8086,0.011197567
8090,0.118436724
8092,0.007816672
8093,0.24983868
8099,0.9846645
8104,0.9510507
8107,0.3974071
8108,0.28625235
8114,0.7529098
8115,0.9893024
8117,0.9958575
8123,0.99976194
8124,0.99876034
8127,0.99704325
8132,0.035393804
8134,0.93546784
8139,0.0019233823
8145,0.071053565
8148,0.9996433
8151,0.96636677
8152,0.99987197
8153,0.76727545
8157,0.076440066
8160,0.99995565
8166,0.99843466
8167,0.96636677
8173,0.99241984
8174,0.96636677
8178,0.9995323
8179,0.9719598
8185,0.2856334
8186,0.96636677
8192,0.20462015
8193,0.14239961
8194,0.018406242
8197,0.1151824
8198,0.03164962
8199,0.1151824
8200,0.47184095
8206,0.50309676
8207,0.70173955
8220,0.50913805
8222,0.006296754
8227,0.009410679
8228,0.003641814
8229,0.00017726421
8230,0.9985329
8233,0.9976529
8248,0.10691938
8249,0.66532815
8255,0.029819667
8260,0.66532815
8263,0.29380634
8265,0.9949961
8268,0.015105486
8269,0.40222722
8272,0.9896047
8273,0.67893386
8275,0.9345187
8277,0.12829208
8281,0.014807612
8282,0.01888743
8290,0.6426387
8293,0.6489755
8299,0.23236647
8302,0.41408467
8303,0.41408467
8305,0.4683172
8306,0.7362079
8307,0.086357415
8308,0.26908356
8313,0.07168138
8316,0.41408467
8319,0.006219715
8322,0.84800035
8323,0.6432372
8325,0.413613
8326,0.9998676
8327,0.22885185
8328,0.3868488
8331,0.41408467
8333,0.99668896
8336,0.2727161
8338,0.41408467
8340,0.086357415
8342,0.00021842122
8343,0.32331535
8353,0.07334411
8354,4.426116e-05
8357,0.005289823
8358,0.0086298585
8359,0.020424366
8373,0.04104173
8376,7.4716568e-06
8379,0.33709013
8380,0.08954048
8381,0.012179971
8384,0.094335824
8395,0.94568986
8398,0.94568986
8403,0.00057274103
8407,0.94568986
8413,0.94568986
8417,0.94568986
8420,0.94568986
8421,0.1277082
8424,0.94568986
8426,0.9456899
8427,0.9456899
8438,0.94568986
8439,0.16074523
8442,0.16080835
8449,0.011198163
8456,0.009858757
8460,0.36488438
8462,0.02113682
8465,0.049328744
8466,0.54421103
8467,0.00024703145
8469,0.014679134
8470,0.002159208
8474,0.1413
8479,0.17376474
8481,0.0746001
8482,0.00052556396
8485,0.00450328
8488,0.1413
8492,0.24169081
8493,0.40484744
8495,0.3676532
8499,0.021878123
8501,0.0016281307
8519,0.059927613
8521,0.14193594
8525,0.0063477457
8527,0.00970453
8529,0.34510857
8532,0.13689923
8534,0.028767437
8535,0.16914022
8537,0.083017826
8544,0.23438215
8548,0.12683934
8549,0.037943482
8552,0.020740926
8554,0.044453382
8563,0.001375854
8564,0.034511685
8565,0.121940434
8566,0.030037522
8568,0.022241205
8569,0.040388823
8573,0.16952378
8583,0.045328528
8588,0.021416157
8590,0.1905329
8592,0.007873625
8593,0.026468754
8594,0.9681075
8597,0.00036364794
8600,0.98893285
8601,0.024038076
8602,0.99817026
8603,0.6687362
8604,0.22752678
8605,0.9916171
8611,0.00048157573
8614,0.7259317
8616,0.9644045
8617,0.41113785
8619,0.99868035
8626,0.9920204
8629,0.029337436
8630,0.18615517
8632,0.23640853
8634,0.5097735
8641,0.9946325
8645,0.4422791
8649,0.8799638
8652,0.9996102
8666,0.020957738
8671,0.22610882
8672,0.27602434
8675,0.90520024
8678,0.94111365
8679,0.9689771
8682,0.10132444
8687,0.18934605
8701,0.011931092
8703,0.0020826757
8707,0.14175305
8713,0.005545765
8716,0.026832253
8719,0.17805862
8725,0.35313696
8730,0.9132987
8731,0.47234166
8748,0.0044792295
8749,0.0076549947
8756,0.010496914
8764,0.008375198
8765,0.3372345
8769,0.0396502
8771,0.33723423
8772,1.4796908e-06
8773,0.06436992
8779,3.539564e-06
8792,0.055783093
8794,0.074697524
8796,0.4441682
8798,0.92616856
8803,0.10042858
8807,0.19515309
8809,0.06542978
8811,0.96983373
8813,0.05124265
8814,0.003066361
8818,0.2618729
8819,0.9569094
8820,0.84478617
8821,0.022454023
8822,0.00398919
8824,0.19022399
8826,0.10371444
8827,0.090978324
8828,0.011155665
8833,0.9988974
8834,0.5983537
8845,0.08171147
8847,0.007643819
8849,0.16334224
8861,0.44447932
8867,0.28689662
8868,0.00838843
8870,0.21231174
8873,0.21305469
8874,0.00023299456
8876,0.0030194223
8877,0.16218501
8879,0.00838843
8882,0.025246203
8884,0.001576215
8889,0.47547317
8891,0.004401237
8894,0.8843093
8895,0.4774583
8897,0.22252345
8898,0.78456116
8901,0.14999643
8904,0.7276622
8909,0.15840274
8910,0.50755143
8911,0.49095982
8915,0.82330287
8917,0.0025809407
8918,0.06856811
8919,0.9151079
8922,0.10541099
8925,0.88034606
8928,0.32171547
8929,0.4532351
8930,0.99999785
8932,0.44133648
8937,0.79865557
8940,0.00042447448
8943,0.018141389
8950,0.24847278
8951,0.36284426
8954,0.019635767
8958,0.99996793
8960,0.04181224
8964,0.5574914
8975,0.48016256
8977,0.6360459
8981,0.65535814
8982,0.5057084
8984,0.0048947036
8988,0.9292706
8990,0.0121405125
8991,0.061215043
8995,0.03722042
8997,0.007467419
9003,0.10629326
9004,0.02073285
9010,0.1700527
9011,0.73719245
9013,0.011787862
9014,0.005742967
9015,0.022124976
9017,0.09945837
9019,0.18898177
9021,0.80540997
9024,0.3061892
9032,0.01970008
9035,0.0031671226
9036,0.0067777038
9037,0.119315
9043,0.9907628
9046,0.83992314
9048,0.9907628
9049,0.94047093
9050,0.5928309
9056,0.33068013
9063,0.08891857
9065,0.61992145
9066,0.9907628
9068,0.8996445
9069,0.3714978
9070,0.20736182
9073,0.9966444
9076,0.9907628
9091,0.90165806
9092,0.8082274
9104,0.9846722
9105,0.99929297
9108,0.99929297
9111,0.98597914
9115,0.987358
9117,0.9756839
9122,0.9686575
9125,0.9999804
9127,0.8082274
9129,0.9982208
9133,0.98597914
9136,0.9846722
9138,0.9982208
9140,0.9999804
9147,0.9996164
9150,1.0
9152,0.9989016
9153,0.99797976
9155,1.0
9158,0.9934602
9160,0.9999514
9163,0.9978974
9165,0.9999989
9167,0.7883197
9168,0.40876925
9170,0.93272376
9176,0.9945624
9178,0.9999669
9184,0.9993731
9186,0.71346396
9188,1.0
9189,0.99977374
9190,0.9998503
9196,0.7449425
9198,0.49339908
9199,0.99999976
9200,0.9996415
9201,0.00029799342
9202,0.69666094
9204,0.9027054
9205,0.9169562
9213,0.9985752
9214,0.99807346
9224,0.99983054
9227,0.99329674
9228,0.9914979
9229,0.9988854
9234,0.99809635
9236,0.9986571
9241,0.952476
9243,0.031230569
9245,0.04231751
9256,0.9957701
9258,0.07679924
9261,0.00052025914
9274,0.12173045
9279,0.14948758
9282,0.08601287
9284,0.012565762
9285,0.0028951168
9291,0.021853238
9295,0.40022838
9299,0.0017011166
9302,0.058568716
9304,0.0003630817
9305,0.39439276
9306,0.012890011
9310,0.029749721
9312,0.5909908
9316,0.065902114
9318,0.33137956
9323,0.61364126
9326,0.27253097
9327,0.53419274
9328,0.05651909
9331,0.9679893
9335,0.21241492
9336,0.17569834
9340,0.0013689697
9349,0.9804719
9352,0.32578033
9353,0.12312019
9354,0.7686178
9356,0.30282885
9357,0.041225195
9358,0.00062707067
9359,0.15941635
9364,0.2969408
9366,0.93206286
9369,0.061882704
9370,0.010070592
9379,0.20752004
9381,0.026187152
9383,0.03110212
9389,0.66430014
9390,0.011949271
9392,0.2581017
9394,0.24317846
9398,0.9481437
9399,0.8367235
9400,0.0010288656
9407,0.9998685
9409,0.99652934
9412,0.9532335
9413,0.9976168
9415,0.071582705
9419,0.91345114
9423,0.98397815
9424,0.945446
9426,0.064379156
9427,0.9964421
9428,0.006710112
9429,0.85675263
9433,0.88155556
9437,0.40007687
9440,0.58343893
9442,0.94454384
9443,0.47755915
9444,0.11936173
9447,0.77353656
9459,0.056838423
9461,0.42648363
9462,0.9964797
9464,0.9722168
9473,0.0504075
9475,0.019206941
9476,0.94454384
9477,0.9765361
9478,0.42648363
9479,0.0504075
9483,0.24460086
9487,0.42648363
9494,0.95827794
9497,0.9978632
9498,0.99537575
9506,0.00014171004
9512,0.24684125
9514,0.99854153
9515,0.99992657
9516,0.99998426
9517,0.52956474
9518,0.000454247
9521,0.40964282
9523,0.38648707
9527,0.9748812
9528,0.5302243
9530,0.04823655
9532,0.000223279
9534,0.9994259
9535,0.087771
9536,0.9999981
9543,0.29888922
9544,0.327175
9545,0.83807474
9546,0.6521755
9549,0.012773901
9558,0.7725201
9560,0.28608364
9561,0.503504
9570,0.503504
9573,0.000112463356
9578,0.7187704
9584,0.057200313
9587,0.29333273
9588,0.020252526
9599,0.745899
9601,0.5485644
9604,0.51233417
9614,0.71795315
9615,0.9946697
9621,0.99999845
9622,0.6423886
9623,0.9994539
9624,0.9370541
9626,0.41891223
9628,0.9984658
9630,0.18777823
9631,0.96582043
9633,0.9994539
9635,0.94946826
9637,0.9728836
9641,0.14685288
9647,0.96582043
9648,0.9999955
9649,0.22721449
9658,0.006630808
9662,0.9975636
9668,0.8480222
9671,0.022683054
9676,0.9982651
9677,0.9999925
9679,0.006466806
9682,0.9992605
9685,0.035404116
9689,0.46240607
9692,0.713174
9693,0.2252737
9694,0.14848027
9696,0.5810935
9700,0.0013650358
9711,0.9835197
9713,0.56811506
9720,0.072268814
9721,0.99755526
9725,0.53546923
9726,0.0662829
9727,0.8380787
9735,0.1436249
9740,0.05951488
9742,0.9835197
9743,0.038226873
9747,0.9835197
9748,0.96786296
9751,0.9835197
9758,0.2510339
9767,0.9986002
9768,0.67244494
9773,0.0070040226
9777,0.5731373
9781,0.2618589
9784,0.2714545
9786,0.0039586127
9789,0.2601967
9792,0.003341049
9793,8.81796e-05
9798,0.99012625
9799,0.79926383
9802,0.00064373016
9803,0.50554204
9804,0.05034563
9805,0.005087048
9807,0.09564641
9809,0.022217125
9811,0.22308707
9814,0.0050334036
9817,0.00097203255
9821,0.61705285
9824,0.46601307
9825,0.62383246
9827,0.26806667
9839,0.9722823
9840,2.5985077e-05
9843,0.09610385
9844,0.09400499
9845,0.6111849
9847,0.3424711
9848,0.42236906
9851,0.6111849
9852,0.8715836
9855,0.7532141
9856,0.5003676
9863,0.079790056
9867,0.037726074
9871,0.10050416
9876,0.009777427
9879,0.0005404055
9882,0.6992273
9891,0.097330034
9892,0.039502025
9893,0.41569197
9895,0.25418103
9899,0.00022694468
9900,0.035779834
9902,0.005566001
9903,0.07720676
9904,0.06389767
9908,0.09718904
9913,0.08398858
9914,0.99962425
9917,0.014764011
9922,0.9850409
9924,0.12929887
9926,0.4956151
9927,0.1937001
9928,0.37126866
9929,0.06204298
9936,0.049692154
9939,0.010453254
9947,0.005335808
9951,0.44352585
9954,0.003988892
9956,0.0055648983
9957,0.03774786
9959,0.17272496
9962,7.8278215e-05
9964,0.4000484
9966,0.12848613
9968,0.25876662
9969,0.13804358
9970,0.97799003
9975,0.13533866
9977,0.024273783
9981,0.12931904
9993,0.75488913
9996,0.95455927
9997,0.676163
9999,0.4779326
10002,0.092828125
10007,0.9954618
10015,0.009443253
10019,0.9232228
10022,0.11056772
10024,0.9196056
10026,0.2119075
10033,0.1626018
10043,0.14968637
10046,0.11470246
10051,0.25529227
10053,0.011321515
10062,0.9904864
10063,0.9999696
10065,0.99994826
10068,0.99863
10078,0.0014396906
10086,0.9998609
10094,0.8590523
10095,0.9989977
10096,0.23598191
10097,0.931224
10103,0.9999696
10104,0.6829085
10108,0.032243848
10122,0.004234791
10123,0.48878253
10128,0.00016072392
10131,0.28779837
10133,3.125226e-05
10134,0.07121745
10135,0.0700928
10145,0.0394246
10148,0.01963842
10154,0.50457966
10155,0.009463966
10158,0.99999976
10160,0.998942
10161,0.51969296
10162,0.9999956
10165,0.97837436
10166,0.99951303
10167,0.16281989
10170,0.95460206
10178,0.8587316
10180,0.27273208
10181,0.99858046
10185,0.9998536
10188,0.07148114
10190,0.99762547
10196,0.019176543
10200,0.9108454
10205,0.62199754
10211,2.7146507e-05
10216,0.00910449
10219,0.8123137
10221,0.37625915
10225,0.93355
10227,0.9863849
10228,0.37831375
10230,0.9705598
10232,0.91339815
10233,0.97827315
10235,0.0007798672
10238,0.80402285
10240,0.99357545
10242,0.31691134
10248,0.14292717
10254,0.05076292
10257,0.5669981
10261,0.9706504
10262,0.09627029
10266,0.0005110502
10267,0.7408763
10271,0.0002387464
10277,0.0658381
10279,0.110787064
10281,0.39987758
10282,0.9864409
10285,0.00048822165
10292,0.002283007
10298,0.19210413
10300,0.022442967
10309,0.2154397
10311,0.012019992
10312,0.034332007
10319,0.031434357
10324,0.95438904
10326,0.018018007
10328,0.00998351
10343,0.0020554066
10346,0.004592806
10347,0.33774728
10353,0.0037456453
10354,0.9968941
10356,0.1534788
10357,0.19126633
10362,0.9804889
10363,0.3304043
10370,0.99015665
10373,0.12994182
10386,0.23871332
10388,0.027286619
10389,0.0029417872
10391,0.9968728
10397,0.018749028
10400,0.00035774708
10403,0.0006185472
10404,0.1809265
10408,0.0030005276
10417,0.054591984
10425,0.0007381439
10435,0.6968503
10437,0.99195635
10438,0.99835896
10440,0.014109075
10442,0.021282911
10447,0.9966322
10452,0.90220803
10453,0.0058509707
10454,0.987844
10459,0.4828184
10460,0.97571313
10463,0.07538769
10465,0.029298931
10469,0.46138757
10474,0.21489367
10475,0.97365326
10476,0.8978183
10477,0.8540158
10480,0.2747655
10491,0.1299262
10493,0.8351699
10494,0.9651538
10495,0.29845732
10497,0.9903198
10501,0.32536048
10504,0.10717866
10507,0.9199352
10509,0.9978422
10510,0.09956166
10512,0.5908395
10514,0.70507044
10526,0.9936176
10528,0.99997056
10530,0.87661684
10531,0.9994807
10532,0.9040315
10538,0.99502975
10539,0.26521856
10542,0.04403293
10547,0.7212171
10549,0.57882476
10556,0.28189123
10569,0.16683531
10572,0.9850842
10577,0.3399118
10579,0.5808821
10586,0.9832733
10594,0.9998473
10595,1.0
10597,0.8960857
10602,0.99999976
10604,0.99780405
10614,0.68382716
10617,0.043845206
10618,0.79490674
10619,1.0
10624,0.8875015
10633,0.9832733
10634,0.9999989
10635,0.39447966
10638,0.0030129552
10639,0.039105296
10642,0.012152404
10643,0.23153111
10645,0.81271446
10646,0.015452921
10649,0.8310988
10652,0.9999577
10653,0.5632148
10654,0.09226531
10661,0.9233998
10664,0.96413124
10668,0.19602293
10670,0.3787984
10674,0.7646229
10683,0.28355065
10694,0.014625996
10697,0.50299007
10699,0.00015178323
10701,0.014645755
10703,0.5139089
10713,0.08887556
10714,0.9978291
10716,0.06256679
10717,0.01220274
10719,0.07413274
10725,0.010312378
10728,0.030266672
10734,0.635223
10738,0.9666568
10740,0.9998468
10742,0.8476836
10756,0.9998468
10757,0.9951192
10758,0.9666568
10761,0.9998468
10762,0.818012
10773,0.95638454
10778,0.9998468
10781,0.8886602
10791,0.021719575
10792,0.20217821
10796,0.9057598
10797,0.9946338
10801,0.003158778
10804,0.034954607
10806,0.030501455
10807,0.004638016
10816,0.010913014
10820,0.5840738
10828,0.008549541
10836,0.6172097
10838,0.97661936
10845,0.9951968
10856,0.99842584
10857,0.5228077
10858,0.99991405
10861,0.9997936
10865,0.999995
10868,0.45094892
10874,0.891031
10875,0.5735058
